,area,eccentricity,perimeter,euler_number,orientation,solidity,area_bbox,area_convex,axis_major_length,axis_minor_length,firs_hu_moment,second_hu_moment,discrete_compactness,discrete_tortuosity,label
0,2110873.0,0.855631812190324581,8546.755477532546138,-4.0,1.5319287070181566435,0.94644782723126952284,3043250.0,2230311.0,2298.1839001022540288,1189.5054467605509672,0.00097456509417809191083,9.381226574615303218e-08,0.9996758329496494566,0.52450755158476924933,1.0
1,1650691.0,0.897473170392127928,7212.0162287141456545,1.0,1.5532583839645419665,0.94566425441812718145,2396025.0,1745536.0,2214.6326838760510327,976.80593788856754145,0.00087086127303511351623,7.001974243336297171e-08,0.9996858191428945606,0.5198821396192202515,1.0
2,1345506.0,0.86048258827103463187,5808.8606742923184356,0.0,1.4573989402182954134,0.9395171510866718867,2000226.0,1432125.0,1854.0718384676818005,944.6122380146815658,0.0008116772123884612167,6.464547594552862178e-08,0.9997826038254186143,0.5219729651998850084,1.0
3,1801955.0,0.8717443896286738436,8158.7411921826733305,-4.0,-1.5629454132231157537,0.93277148236205176257,2709342.0,1931829.0,2188.4073135077524057,1072.2340964458282997,0.00084006810219901110245,6.717923310539700484e-08,0.9996127339596262429,0.5274174676138738693,1.0
4,2096541.0,0.88117165101302774577,12052.716297950755688,-19.0,1.4932517628866457393,0.90790321546917307494,3232087.0,2309212.0,2411.2647008553640262,1140.0374882866872213,0.00091214167663962236396,7.4732726075605099016e-08,0.99925290413453660143,0.5309537572254335869,1.0
5,2413738.0,0.8612330510630312741,11111.611608805260403,-16.0,1.5278928543290599684,0.92720069851067110633,3571122.0,2603253.0,2527.9425015855226775,1284.7262249365053322,0.0009784285382181485882,8.5165774265439052923e-08,0.9994924592079539316,0.5186444730549935045,1.0
6,2368725.0,0.86847097566533126844,10267.252085663827529,-6.0,1.478813622022862706,0.92182886550515974466,3677184.0,2569593.0,2521.9846146429295004,1250.248695664959314,0.00092788982246408803836,7.77015545626449704e-08,0.99956583607083926424,0.5273445437029252725,1.0
7,1960975.0,0.8884454317583028171,8043.1360697612908552,-3.0,1.5052196565665263428,0.9390756715003422128,2893657.0,2088197.0,2358.2501378773008582,1082.3949773966971861,0.00088102914505106151837,7.7724292376327555564e-08,0.9996884855364510658,0.51826343381389250453,1.0
8,2287419.0,0.86709881593948057166,13266.394580225056416,-33.0,1.4367239014945045739,0.87770852215126970997,3504816.0,2606126.0,2485.4901321909051148,1238.1125338600033956,0.0008914277788895348751,7.570002526677075787e-08,0.9992107389278876983,0.52794409526959973356,1.0
9,2227067.0,0.8473703916604178321,9592.842922735337197,-12.0,1.5377578570403473979,0.9328674023545082683,3296436.0,2387335.0,2338.165222489761618,1241.5710596939768493,0.00091391045834441925894,8.2838903058086803405e-08,0.9995929704551272943,0.52533293099979883056,1.0
10,1794076.0,0.85048118382679083194,8535.330116681880099,-8.0,-1.536463582355852564,0.94072429556158443376,2620128.0,1907122.0,2103.9460695641678285,1106.6871441489649897,0.0008421301163206741918,7.0140771782259579094e-08,0.9995568778366916707,0.48851327008526485018,1.0
11,970829.0,0.8812111104288358199,5201.473805940415332,1.0,1.5540881628813916215,0.9278624724865646156,1454895.0,1046307.0,1644.1737811566756591,777.23866518537511183,0.0007610735148139147199,5.691737423266142788e-08,0.9996751415693777565,0.51753860699653331245,1.0
12,1661840.0,0.87226336960295436374,7141.357282423599827,-1.0,1.5471199422517907252,0.9425365977051390898,2435112.0,1763157.0,2104.8001844930231528,1029.3239340471491232,0.00089178830477076496096,7.416206813829749902e-08,0.9997011741137812324,0.51562176165803108585,1.0
13,1988940.0,0.91480142762050098426,17256.37996672965528,-11.1999999999999992895,1.5051966667071927652,1.0,3128895.0,2266076.0,2261.8339712348897592,1206.2878285443821369,0.0008270505506460948744,6.4241542172813534684e-08,0.9985392520457914145,0.5280694842406876699,1.0
14,2466388.0,0.84688616824350637646,16532.971670352941146,-86.0,1.2782413212627115051,0.84864291826679738584,4519800.0,2906273.0,2529.1185685519049002,1344.9200469005527339,0.0009067503673634313456,7.9822750216364725445e-08,0.9989602601099237811,0.52752912621359226986,1.0
15,1236402.0,0.80968025747965155503,5784.343863625505037,1.0,1.4480732073325683906,0.9057777302407222786,1850296.0,1365017.0,1690.3896035391560417,992.04108348127454065,0.00079918089246803158086,6.4992786600784319265e-08,0.99972949687977041844,0.5233083573487031792,1.0
16,2250238.0,0.8889548770538244771,9322.641912608560233,-7.0,-0.17652416878255292043,0.9409650771614295195,3234894.0,2391415.0,2518.9602756496115035,1153.6706794259575872,0.00089537345039354481434,7.3945917862710093655e-08,0.9996306543914066367,0.5192129262490087216,1.0
17,2107348.0,0.8827794926066854231,9259.30677608476617,-11.0,1.5208435464141285554,0.93513738747034080845,3228412.0,2253517.0,2427.6562080327371405,1140.4827275786856262,0.0008707458131150729117,7.010643390611476748e-08,0.9995901242048499391,0.52348047871296843336,1.0
18,1639450.0,0.8789225984896530397,9536.9362851237892755,-36.0,1.5265191416084515907,0.93450299397784375444,2374075.0,1754355.0,2105.1912556810248134,1004.1013437294942605,0.0008008836894351894489,6.134480135349100636e-08,0.999326184549192309,0.52150765606595994583,1.0
19,2602115.0,0.8633670718997725757,10571.4673811404754815,-9.0,1.499271604783439571,0.9268170974169231968,4123904.0,2807582.0,2648.9188727620644386,1336.5818324859540098,0.0009851879344647466834,8.96648859365998611e-08,0.9996040150564179383,0.5213374667847652244,1.0
20,1950073.0,0.9742582821842729057,13253.181376789460046,-13.6666666666666660745,1.4513238179164176245,0.9591836734693877098,3314889.0,2315368.0,2277.079758834261611,1187.7598387341629405,0.0008694871132474411065,7.438553033800062705e-08,0.9990166472860023683,0.5271449067431850377,1.0
21,2037638.0,0.8589473292999787457,8783.1919856715067,-2.0,1.4171614135175687466,0.9229925309481650242,3206304.0,2207643.0,2304.7084669222804223,1180.158113516640924,0.0009192965269935757331,8.0531762439497199054e-08,0.99962266209708983133,0.45398498221578181822,1.0
22,2220880.0,0.85490707627227902066,11661.6380874639526155,-21.0,1.4514849193273751116,0.87913897519554085047,3591315.0,2526199.0,2440.5701869575559613,1266.1218302252723333,0.0008738794293524918596,7.048799522887350102e-08,0.9993578650133835284,0.5253799392097263654,1.0
23,1304511.0,0.8955861916963419045,6102.032247167573587,-2.0,-1.5613342041331925714,0.9412742198385307679,1990250.0,1385899.0,1964.1526635167822405,873.82804000807152534,0.00078509728322071219066,5.968047624477670134e-08,0.9997058728647572057,0.5190287468601730847,1.0
24,770022.0,0.8685337833872256441,4089.4137059480945027,1.0,1.5221468214160462917,0.9583407488534465557,1158988.0,803495.0,1425.4680990947206283,706.50471112249988437,0.00075702651306310789377,5.617641727230635895e-08,0.9998117392303254025,0.5147657841140529378,1.0
25,1485660.0,0.86569824584402776946,9152.772721475248545,-27.0,1.5307923914454699688,0.9394996999363194323,2157967.0,1581331.0,1962.5319305895586695,982.3772029400278143,0.00079465406640249070924,6.087590401179986161e-08,0.9992796503468071023,0.52367346938775505283,1.0
26,2235682.0,0.8465132310606736654,10614.916082588257268,-12.0,1.4541897595540353993,0.8993378708888459805,3358875.0,2485920.0,2373.5482377415733026,1263.6003752276544674,0.000906015203644246897,7.7012180666346201143e-08,0.9994814626446746342,0.5305968604450577164,1.0
27,1367493.0,0.8882599439061158453,5921.2555518709359603,1.0,1.5222787613740980106,0.9408503128730310028,2090592.0,1453465.0,1976.6550950311948327,907.95898140498900375,0.00080728324251966602706,6.309360343513240376e-08,0.99977244386009589405,0.5131248238940546713,1.0
28,843807.0,0.8846911260817518219,4499.687875927789719,1.0,-1.5581077609082361057,0.94334393533709337554,1272040.0,894485.0,1549.929526387070382,722.5425210213658147,0.000765246591384943645,5.7146862865841774895e-08,0.9997552080600872193,0.51414850387883259675,1.0
29,1808928.0,0.8696514526187313354,12345.988375889397503,-10.25,1.499270007686526629,0.9418604651162790775,2758994.0,1970156.0,2200.197864472967467,1086.1633946256804393,0.00080054396479982111237,6.1963811068987499175e-08,0.9990369287595752823,0.5222250639386188942,1.0
30,2066173.0,0.83584333569990021395,13505.095157075944371,-18.5,1.4769330037494881047,0.96396396396396399897,3114581.0,2328357.0,2262.6359016151864125,1242.1148151535007855,0.00085355384675158470654,6.897155746429173795e-08,0.99906103363246856475,0.6558673754896473529,1.0
31,1753306.0,0.88504698822795935254,7788.1726496877490717,-13.0,1.5015347894612258717,0.94919576060187893507,2679432.0,1847149.0,2221.575252975992953,1034.1470472161624912,0.00080515260997156962424,6.158870293244310497e-08,0.9996444492065343912,0.51968498342017999114,1.0
32,2405789.0,0.9119378873299514021,12290.2493065397466125,-10.3333333333333339255,1.5437521947387671251,0.972972972972973027,3845646.0,2634090.0,2670.8006978062226153,1222.0231374537756892,0.0009239638337644265082,7.875704642668682846e-08,0.9993673295921259303,0.52582315003394430875,1.0
33,1231519.0,0.86734834260230508907,5604.5764030448572157,0.0,-1.5247370241365132415,0.9478728030510027436,1850760.0,1299245.0,1801.4937852871648829,896.60628492897217257,0.0007999004042711711001,6.354928509707186537e-08,0.99976316348357119335,0.514524539877300624,1.0
34,2062012.0,0.8544625222916730767,16280.93108581312481,-31.5,1.4996366137427006304,0.9360544217687074564,3240756.0,2295544.0,2306.692842312454104,1198.3570092329262025,0.00080537386723959422663,6.212069003743482424e-08,0.9987221322697295012,0.5194401885680612896,1.0
35,1161765.0,0.8588042981742340931,5561.674816067192296,-1.0,1.5618023828959561872,0.9299201083472009577,1722484.0,1249317.0,1729.2912899983989519,885.92248895035766054,0.0007867642623774764258,6.286591470024303181e-08,0.9997307054929464032,0.5178337612323492545,1.0
36,1172450.0,0.87924706833204036016,5453.834195633626223,0.0,-1.5448195086434737267,0.95543685087622798324,1705374.0,1227135.0,1797.8962128114731058,856.45667802503135135,0.00080417720017519564186,6.3058383360480871554e-08,0.9997603985795592285,0.51390590464161667317,1.0
37,945530.0,0.8249975960294719801,6056.4931419241720505,-16.0,1.5473979773214843192,0.92609406388132264887,1441224.0,1020987.0,1493.4345772668075369,843.99399743357298576,0.00073825580110863250026,5.4238691452608386913e-08,0.9994264620739065075,0.51958305757776312994,1.0
38,1158019.0,0.86311801173984137314,6836.4111062927622697,-5.0,1.4112185962346983636,0.97902097902097906523,1771566.0,1280449.0,1734.3705163668928435,875.86105655280107385,0.000761154430319941136,5.6460947905607517003e-08,0.9994530318949423897,0.5523076923076922773,1.0
39,1389220.0,0.8346368746517220938,7378.2761133439680634,-14.0,1.4604432712603432343,0.9133608328216079597,2136152.0,1520998.0,1819.8422941437472673,1002.37020523636510916,0.0007967105109719877648,6.334162844075598917e-08,0.9995202468161104026,0.5279160186625193596,1.0
40,1801064.0,0.85778801272863525185,8469.136069761290855,-3.0,1.5648417588325440608,0.90884199679771993097,2773524.0,1981713.0,2159.9351437849963986,1110.2144909514026949,0.0008489666625874107628,7.06756364660334977e-08,0.9995692408182028643,0.5264699918897000064,1.0
41,2024687.0,0.88373802481918661833,8399.677267045743065,0.0,1.5241197569596445227,0.9331292268071170737,3064696.0,2169782.0,2380.2469156462957471,1113.9125878850456957,0.00094729329471168852335,8.9518021762080801554e-08,0.999665390022027589,0.5216445893621357577,1.0
42,2101982.0,0.88827776693935955876,16807.617377314141777,-62.0,1.517653757636641787,0.88985514117998676387,3163842.0,2362162.0,2468.2160531557074137,1133.6680737926560596,0.00083605603388660831507,6.4684895543524382315e-08,0.9986898163217790003,0.52999378012750741895,1.0
43,1127792.0,0.8406358815660909256,5415.3733008770277593,-2.0,1.5034563948137129596,0.95076121291621384923,1669619.0,1186199.0,1649.3182514812369845,893.27191401781965396,0.0007831321617090614747,6.026920353387789559e-08,0.999740960299922099,0.51810188189487349497,1.0
44,1366410.0,0.84442212238677116787,7618.9624048449832117,-4.0,1.4475100566033651805,0.94444444444444441977,1962450.0,1474203.0,1834.7023055107117671,982.81027732484756143,0.0007778803016976530791,5.887899208849160139e-08,0.9994611350725953747,0.52615384615384619416,1.0
45,1312520.0,0.88513715553823679727,6500.119692370364646,-5.0,1.5677230031210900307,0.93305826602383190593,2061063.0,1406686.0,1931.4921836308055845,898.7816873869921892,0.00077975782267458932165,5.88670309404740783e-08,0.99963444666151890505,0.51486199575371549564,1.0
46,1350807.0,0.89107965809741940255,6610.2862146117349766,-7.0,-1.5491151302014301017,0.9423605912814656538,2054636.0,1433429.0,1974.9835460957442592,896.34023454556199795,0.0007999593070636618671,6.198795553041925234e-08,0.99963669749291861333,0.5190253565768621069,1.0
47,1426970.0,0.84690835034745048926,6607.772362537751178,-3.0,1.5238970952836514705,0.9346748743369694967,2064400.0,1526702.0,1883.9235854102284975,1001.7554343321318129,0.0008082653081823532948,6.373772010896321976e-08,0.99967920292251277736,0.51908437583178068664,1.0
48,1337513.0,0.9031530262951598109,6623.4090142517097775,-1.0,1.5374165011036977635,0.92890201029803742827,1990598.0,1439886.0,2024.6959532191588096,869.23998762476048796,0.0007778227131957918738,5.9700977665903748366e-08,0.9996263397634413961,0.51773864216436948915,1.0
49,1506320.0,0.8927549608994153063,6603.7765466198561626,-4.0,-1.5390764960675074047,0.9558705013510065962,2166015.0,1575862.0,2095.988470439653156,944.3319679796051105,0.00082301500101343105873,6.4761046412039125695e-08,0.9997185410211831824,0.51672523554876492735,1.0
50,2381743.0,0.85796767222032011,9294.720989647139504,-4.0,1.2648479243995380816,0.85156347764279527457,4086159.0,2796906.0,2549.2513290515053086,1309.559795378536819,0.0009866299166704621277,9.437722797269077621e-08,0.9996721323106564361,0.51632253340655320795,1.0
51,2030479.0,0.8688722618034234735,10214.20540446960149,-5.0,-1.5706129756647628781,0.91172948407835785467,3158841.0,2227063.0,2341.7026142253134822,1159.2279263962605,0.00086222396184651678257,6.8519768055225661045e-08,0.9994437789474238665,0.5274682612695492656,1.0
52,2118983.0,0.86783255753029653334,10335.720123095361487,-5.0,1.4400674919413203323,0.9058661179841303035,3365337.0,2339179.0,2366.5344743605114672,1175.8286802532259117,0.00087579470567738636894,7.547216445252976258e-08,0.999467181688992623,0.5286925919408762553,1.0
53,1934260.0,0.8937395630239457489,13899.001794687494112,-59.0,-1.5251705774495447621,0.92588373152789527065,2871292.0,2089096.0,2370.347632128229634,1063.3052756950683033,0.00080769008692484038636,6.399381741071371131e-08,0.99892182375184279675,0.52886643571978442235,1.0
54,2317575.0,0.87289742733766573224,14219.9795001109068835,-27.0,0.40489178628508382118,0.98076923076923072653,3550848.0,2509037.0,2514.822589634376527,1226.991403207850226,0.0008286429085245816152,6.438820871661574168e-08,0.99912239688450887876,0.5206570512820513086,1.0
55,1262209.0,0.8617640288887815636,6289.9805153394636363,0.0,1.3907575785927797085,0.89882168464843159583,1953844.0,1404293.0,1843.9214388939356013,935.4385537512296196,0.00080706170745064350746,6.5610432614471444215e-08,0.9996439461320961728,0.51330148619957538525,1.0
56,2446152.0,0.8477609320633167078,9996.9606717414280865,-3.0,1.4691031600219677244,0.9182583156149770609,3643649.0,2663904.0,2444.5297367067682899,1296.526127431487339,0.0009891196872963549207,9.228894736255566434e-08,0.99961743153771787096,0.5235270270270270254,1.0
57,2663483.0,0.8520582438245904999,12045.887870826009021,-14.0,1.4518988778132291273,0.89763976695929881267,3759924.0,2967207.0,2587.404351574109569,1354.369014283564411,0.0010672845496510364321,1.00072087803411566696e-07,0.999481768926512526,0.5309334674040556701,1.0
58,1565077.0,0.9227420541786065522,8212.12387645247145,-16.0,-1.5508360585807607901,0.9334258562344411869,2397056.0,1676702.0,2307.0498283328365687,889.1787304426210312,0.0007908501294224474284,6.174930132177278107e-08,0.999487154830933755,0.51392811623757328476,1.0
59,2452781.0,0.87444628769603471863,12668.6300782372400136,-41.0,1.5378401862323252125,0.92734739463194482134,3757446.0,2644943.0,2569.0342883049302145,1246.2959391654651427,0.00092633929394601367043,7.654113604872838994e-08,0.99934684557738773236,0.53120794078061905896,1.0
60,969990.0,0.8730485531033680413,4582.3295782756322296,1.0,-1.5329583684582022141,0.9507897517530979892,1415367.0,1020194.0,1615.0816196465250414,787.5675611701665275,0.0007646331647526258442,5.9488327029939542265e-08,0.99983415805764797035,0.51329775880469585836,1.0
61,1927014.0,0.8820584637574349074,9089.525030154247361,-5.0,-1.5667506695330757349,0.9134741915788435751,3111310.0,2109544.0,2356.0792347593223894,1110.043087935872336,0.0008979764000026587995,7.4380662408411190406e-08,0.9995408183950339476,0.52149291604990477556,1.0
62,1811316.0,0.87504889096082139055,9885.999343708939705,-7.3333333333333330373,1.5320615039908598298,1.0,2615625.0,1930299.0,2203.3383458230259748,1066.4918684094952823,0.0008274246872901642319,6.488053382779816289e-08,0.99937820414050215767,0.5207300303336703795,1.0
63,2160463.0,0.8004278709942888037,12894.696095415221862,-13.0,1.3210426230789109603,0.86349682033482910715,3495764.0,2501993.0,2234.792953441413374,1339.5998866553341031,0.0008945741064431416041,7.877877845520777021e-08,0.9991876664027748989,0.5371960603262542211,1.0
64,1913012.0,0.8843802046097064551,8052.199994898219302,-0.5,1.4521423361455005896,0.9534883720930232842,2896344.0,2055646.0,2318.8924488205916532,1082.383021628322922,0.00089861910475505870927,7.8294558511850957596e-08,0.99967051750563151735,0.522355811889973376,1.0
65,1724926.0,0.87331354118249138185,7945.992888117032635,-9.0,-1.5620529077079736702,0.9376376280066164304,2551480.0,1839651.0,2157.2828396047448223,1050.9387932541308146,0.00081722277265888342446,6.3972812186427868195e-08,0.99960946338749012696,0.5236153119092628039,1.0
66,1575962.0,0.895552347695177553,7131.4262581944130943,-5.0,1.5515302371705304019,0.9133470106868812888,2480062.0,1725480.0,2194.1746791063524142,976.31155984111308044,0.0008239410949743843863,6.575197190557132089e-08,0.99966502756493169635,0.5190709416813935606,1.0
67,1652167.0,0.86151801023331175955,8296.916769671282964,-20.0,1.5491581974837140834,0.9402126190867771127,2403297.0,1757227.0,2060.7025579448613826,1046.2743510047932887,0.0008298461773338411569,6.638770688437128871e-08,0.9995221567120872175,0.52196557745073579593,1.0
68,1842892.0,0.8608183578094460442,9663.414423823091056,-34.0,1.4724154668980804495,0.92434706325803539517,2856749.0,1993723.0,2199.9366684683363928,1119.5748854975290669,0.00081654052658734245507,6.3585083638842168296e-08,0.9994253042554019917,0.52382184566063660913,1.0
69,2567644.0,0.8552848941835321517,10922.6217100730282255,-10.0,1.5290457818473470741,0.92967792766044965447,3795624.0,2761864.0,2551.175572036655467,1321.9121226916345222,0.0010509041006493006001,9.5142979877847566095e-08,0.99956030780939164604,0.52357849542654466557,1.0
70,829996.0,0.8663000147559961617,4502.5751775555818313,0.0,1.5515608108943577115,0.9468689857843478608,1238736.0,876569.0,1470.9463848354303082,734.77310712529049397,0.0007748683053713694216,6.004173923869192123e-08,0.99974115724875378675,0.5167692892436335228,1.0
71,2462746.0,0.8672151953940839819,11077.444040543363371,-9.0,1.5001196584262119771,0.8829236498801853461,3841270.0,2789308.0,2601.847677257558189,1295.5472104233485879,0.0009665628023158624217,9.6263332229706553696e-08,0.9995124091845630776,0.5266206199460917725,1.0
72,1118728.0,0.901535782700526811,6815.773408558277879,-17.0,-1.532998950748156064,0.9335600903244972715,1649934.0,1198346.0,1837.6875765716583828,795.1757863082739277,0.0007601120500029773068,5.7199025058776753972e-08,0.9994217937422145148,0.51637328339575527814,1.0
73,1679598.0,0.832696741809427321,7513.5137033972041536,-3.0,1.5063887684935448608,0.9412602680768028529,2418251.0,1784414.0,1992.8394494219817261,1103.4935906442656233,0.0008288594911945964313,6.8259897444836373015e-08,0.9996529913162811587,0.51875498241500594965,1.0
74,2328059.0,0.86695889692964023254,13152.262545869092719,-3.0,1.4215439033025982773,0.86484854946507427886,3697742.0,2691869.0,2535.626285602970711,1263.7045293032581412,0.000986986448351057262,9.839902009594737879e-08,0.99924253485369207706,0.536215549156725535,1.0
75,2527218.0,0.86495632108247988423,11299.5405409933955525,-19.0,1.5429672792887365596,0.9252582499958811324,3699128.0,2731365.0,2585.6960724230743836,1297.6242064025614127,0.00093983092705235025607,8.3084926064394901026e-08,0.99951094841271970193,0.52647901916767403385,1.0
76,1643314.0,0.87324813691686897776,8092.0650019494250955,-16.0,-1.5631341801170390848,0.94804352667110503017,2388100.0,1733374.0,2113.5048298297319889,1029.8597266263857364,0.00083081290538963403335,6.5453176618884967393e-08,0.99954867011153658574,0.5229824999999999058,1.0
77,2431099.0,0.8807829387986751968,11578.685814678705356,-21.0,1.5302248237091198302,0.9149610169466009246,3653044.0,2657052.0,2612.170868891965256,1236.9157685709099042,0.00096667803818805601943,8.087761455742423722e-08,0.999450318426026052,0.5216651401355560935,1.0
78,1797940.0,0.87201622507963938435,9610.973731602025509,-26.0,1.5266192928331878687,0.9172363023430099016,2721224.0,1960171.0,2221.2583261263171153,1087.2547928756002875,0.0008267835428947514949,6.454797942170892512e-08,0.99940895519384154166,0.5203487576931844494,1.0
79,1910858.0,0.81395711526529634927,8992.706704297266697,-15.0,1.4059867725929404703,0.9208625812862577531,2827460.0,2075074.0,2073.7043513520025044,1204.6666269240981819,0.0008758530031978507347,7.2560176040463001216e-08,0.9995465567755134062,0.52855805243445697084,1.0
80,2161662.0,0.8855519408522640745,12531.600640985716382,-38.0,1.5701494948881409286,0.91583002553455428174,3435164.0,2360331.0,2474.545155990870171,1149.5261348453386745,0.0008610493123384136121,6.959251734664963798e-08,0.999230327119586037,0.5268564176939811716,1.0
81,1732445.0,0.89368230314405683323,7939.780730701962966,-9.0,1.5648279381232454988,0.9409882509881368762,2579304.0,1841091.0,2250.5678585243827001,1009.83042771475902555,0.0008257112346884015481,6.924914098071162597e-08,0.9996137078727561631,0.5209622947027526818,1.0
82,2032895.0,0.80094952298346233643,11792.709155275819285,-26.0,1.5219053929676620296,0.9194076953830957466,3083616.0,2211092.0,2112.9214125912981217,1265.0734052492639421,0.00086037939595667162207,7.497842504112939662e-08,0.99925060098510665174,0.5290295997309114595,1.0
83,1957438.0,0.86224542088773525883,16332.393026590250884,-30.5,1.5054499729057122526,0.896223015736022699,3049640.0,2184097.0,2263.6275418206896575,1146.5063093057667629,0.00082180251323052844626,6.3821963340076037655e-08,0.99862785256105524034,0.5366974921630094375,1.0
84,2223057.0,0.8533425652220163471,10058.82567879263479,-4.0,1.5466304875027283572,0.90959853485968478193,3403180.0,2443998.0,2380.8213675813708505,1241.2426901746889598,0.0009329488207382571549,8.320827086735768785e-08,0.9995391924145847762,0.53282014388489207235,1.0
85,1917142.0,0.8490960342423492513,17248.143422696943162,-31.333333333333332149,1.5255867204965536388,0.9419354838709677047,3013245.0,2117367.0,2184.1769949855588493,1162.7033232970616154,0.00082092473271723497875,6.392797653731957936e-08,0.99847223634448789564,0.52624351794233559243,1.0
86,2315444.0,0.8175265778947169437,10316.146529966554226,-1.0,1.3192510176775926745,0.8794519653026823258,3608107.0,2632826.0,2344.9735732124950118,1350.4488717874419308,0.0009329362560894840237,8.350709846463519114e-08,0.99954303638133790155,0.5221265206812651938,1.0
87,1603920.0,0.8746212483777254798,8383.9199077328630665,-8.5,1.5049086420436679212,1.0,2388114.0,1708803.0,2075.458817928431472,1006.1966305892690343,0.00079805583121718209547,6.0691227075321558e-08,0.9994824087604413654,0.52332353661523389743,1.0
88,1880892.0,0.8480589004377122597,10939.60951676420882,-38.0,-1.5592919079952363148,0.9353446303858754529,2747056.0,2010908.0,2147.902432922076514,1138.177737825734539,0.00083585994024595563264,6.766606076989835297e-08,0.9992745776452282014,0.52769931662870162015,1.0
89,1701915.0,0.82976009707529208015,8110.4813075528509216,-2.5,1.4147492180139822349,0.9258917729700087973,2634340.0,1838136.0,2020.4260165966336444,1127.6406152817173734,0.0008286215700440647744,7.7933841248464191724e-08,0.99957486446952015235,0.52569013432144506837,1.0
90,1433444.0,0.8804968550803021765,8811.861033229817622,-17.0,1.5415154031859421568,0.90312638214921603375,2208480.0,1587202.0,2029.4040040820975719,962.04300444596333364,0.00076955750096219439384,5.80214261859919353e-08,0.9992978164887265091,0.51776115859449189927,1.0
91,1498853.0,0.87758190668496616205,6691.0688270940318034,-6.0,1.5531676769319184839,0.9469103309899373766,2149938.0,1582888.0,2029.5263999604308083,973.00922151178281183,0.00079002534979465111574,5.9512231190836246387e-08,0.9997005327964868515,0.51717529770146775103,1.0
92,1983283.0,0.88996210792778651655,9465.095664690223202,-30.0,1.5545498059413311864,0.9292393600173920465,3162086.0,2134308.0,2387.0670880392590334,1088.5848969206010679,0.00083185469219676662876,6.41306714835187173e-08,0.9995166278152231021,0.51938954108858059744,1.0
93,1449903.0,0.88036053226937560634,7059.8770516832446447,-3.0,-1.5599804144815121454,0.9131947199957675121,2326773.0,1587726.0,2028.1520504171398898,961.96287249760132454,0.00080203769020048792764,6.381414053887797682e-08,0.99961285944912470214,0.5196073036518258359,1.0
94,1852092.0,0.8919227813386078063,14532.548042605831142,-61.0,1.537468032805121787,0.9055316336064623828,2900800.0,2045309.0,2328.6164994329037654,1052.9718320067418063,0.0008114017950790387455,6.23859884872321677e-08,0.9987722575353867871,0.5350816363969912448,1.0
95,1645311.0,0.87574448719481257086,8306.5431406487259665,-3.0,1.5120572771382083666,0.9375,2382458.0,1786083.0,2078.8505653166271259,1039.6889751728676856,0.0007957600724637949041,6.079634486654138762e-08,0.9995171805178212354,0.520442278860569707,1.0
96,1997616.0,0.9797983392931087776,13418.828129771187378,-17.0,1.4571273048065114253,0.9280398567068879334,2885467.0,2152511.0,2210.262587802692451,1198.2669894965254116,0.00084488676294899455084,6.750470894078266721e-08,0.99902773158421109834,0.503219971840138669,1.0
97,1284814.0,0.8867836265471770174,6338.3236610899712105,-2.5,1.570796326794896558,1.0,2008500.0,1378642.0,1926.5657268328798182,890.4294166870005256,0.00077825766698741373137,5.8448405787510832034e-08,0.9996486265270845273,0.5226666666666666128,1.0
98,2023148.0,0.8837649180338926769,7699.964496886035704,0.0,1.5643766936023040248,0.94279212884411334183,3144310.0,2145911.0,2377.6093195862549692,1112.5574847904852049,0.00095526719212683883914,8.478312171076428625e-08,0.99975139205537044695,0.5196414770287676177,1.0
99,2107937.0,0.8781889515822399739,9370.97077300919409,-15.0,1.5667793622588159774,0.93170174575539266293,3090675.0,2262459.0,2395.9329521364566062,1146.0079803405021721,0.0008783036636662491098,7.3581827237125931754e-08,0.9995770826648594509,0.52237281067556295966,1.0
100,2699533.0,0.8085613284742733109,13699.968173353863676,-12.0,1.4653561392362584037,0.8786575565579047842,4237691.0,3072338.0,2504.3947816851214156,1473.6157217077914083,0.0010085375776832463963,9.945969462413986046e-08,0.99933949623690110364,0.5374213141910546554,1.0
101,2701256.0,0.8745432936952705072,17097.645948013887391,-50.0,1.5356288344614932306,0.87067552022041705406,4206888.0,3102483.0,2738.526737929337287,1328.0415532082397476,0.0009629120082127839812,7.985847627915912898e-08,0.99902546690725291256,0.53059048877146641754,1.0
102,2535536.0,0.8619572161439638114,12885.115359611478198,-16.5,1.4770717732172427006,0.9609756097560975263,3856050.0,2803315.0,2570.2475002916912672,1303.0667066940823133,0.0009354421578803508077,7.912825605177134966e-08,0.99935722574606067337,0.53299431459254575927,1.0
103,1861910.0,0.85574749889058443486,14930.049701370993716,-12.0,1.2937281776828164492,1.0,2937374.0,2121835.0,2203.9965363127785167,1140.3338744524598951,0.00081589048573383520305,6.3585884768489686894e-08,0.99872736642459780665,0.5315867644294041128,1.0
104,1866059.0,0.8681960175119910472,13891.071816478832261,-60.0,-1.4872589597605196943,0.906143761523710789,2863026.0,2059341.0,2227.8970181393319763,1105.5301714668044042,0.00081193479040202328704,6.282603685570061666e-08,0.99887019992249836964,0.52626081170991345637,0.0
105,2019330.0,0.8791356059798349776,8388.596097966112211,-9.0,-1.4833124605294771836,0.9445677519546644696,2977984.0,2137835.0,2348.5357612093312127,1119.2456828361873704,0.0008994445648150280843,7.363475843820716777e-08,0.99966494142235629017,0.5165959367945823777,0.0
106,1604749.0,0.8763734956859269287,9089.30677608476617,-29.0,-1.5369401966425177974,0.9281714302900743174,2326300.0,1728936.0,2072.0687446866591017,997.9748559295483119,0.00079761561821790156676,6.080735493447588749e-08,0.99937290242103493654,0.5217220694826293359,0.0
107,853845.0,0.8677040379381916191,4378.817818242700014,1.0,-1.5446390767886470918,0.9510107158490090917,1255310.0,897829.0,1511.3722605562825265,751.27471131139247973,0.00076109849722471830443,5.6470765762895905066e-08,0.9997999027751413026,0.51651647103369935365,0.0
108,1734428.0,0.86678221707396352347,7668.2222894748056206,-12.0,-1.5133432045884516182,0.9450136677151513842,2531516.0,1835347.0,2136.036663651847448,1065.2134248390200355,0.00083640835108849537205,6.7602992612055099506e-08,0.9996537563241779667,0.52222503160556255075,0.0
109,1702848.0,0.8485085525051195843,9549.231703659545019,-28.0,-1.4393469607978661706,0.93059736239810608716,2708400.0,1829844.0,2073.7936196870209642,1097.4135639682124292,0.00080029670482772313246,6.104683422324550971e-08,0.99936388577859669446,0.52552344965547892475,0.0
110,1763440.0,0.8683726716841829729,9143.9514370254401,-19.0,-1.5194124114504188316,0.93764638761233132236,2585088.0,1880709.0,2158.6123641548051637,1070.4821911403525974,0.00082447425664591389265,6.483923662606626942e-08,0.9994563103549871652,0.5218575574905113257,0.0
111,2509558.0,0.78226717319633487513,12508.6788514725194545,-7.0,-1.3068550375157954591,0.84443052141159813395,4146714.0,2971894.0,2362.5029227555373836,1471.7048260094463785,0.0009729843057589560029,9.719899626580299642e-08,0.99938475783294267174,0.5337049316203895666,0.0
112,848883.0,0.8677091382989593482,4699.705119870492126,0.0,-1.528307020352555945,0.94522506472176603953,1269606.0,898075.0,1498.1622680545576713,744.69493404234822265,0.00075323621022934479294,5.679239566167065932e-08,0.9997009560382470461,0.5159188361408882928,0.0
113,1781675.0,0.83825655475579263776,8776.613341908814618,-7.0,-1.4179366514082210049,0.9161187119756808439,2766078.0,1944808.0,2100.528837048485002,1145.3680242348220872,0.00085633076908455730593,6.976440535505816103e-08,0.99951730610757361095,0.52610978000435637547,0.0
114,1243515.0,0.88811998842118011765,5745.87582619396926,1.0,-1.520059663348258816,0.93401508977628222574,1919722.0,1331365.0,1900.6841974396149908,873.5766359910094252,0.0007970509342153214152,5.993328541191302181e-08,0.99974135628386862074,0.5114372999709048129,0.0
115,1593039.0,0.96203435014023097605,9388.545412158528052,-4.25,1.4091414807623201533,0.9282043094894185664,2564224.0,1716259.0,2228.138707072392208,947.3995191630798445,0.0008177629312121775535,6.4077694516726680566e-08,0.99931886278460546613,0.5178534155597722677,0.0
116,2157609.0,0.819663656625766901,11792.986283848344101,-7.0,-1.4042322992225202416,0.8816964167134224706,3445083.0,2447111.0,2243.9831169549693186,1285.4546966250654805,0.00090573336868684985873,7.6861462729864161e-08,0.9993138820748951323,0.5328279519575729317,0.0
117,2028815.0,0.8563671957633013365,8652.461105017317095,-9.0,-1.4666818252928799371,0.92771189564049971743,3064347.0,2186902.0,2266.5472132440750102,1170.3709471513823246,0.00087266339440647902343,7.252642751471751445e-08,0.9996356151139690338,0.51955121084203514936,0.0
118,1950437.0,0.86824879873520866,9289.01954624447535,-12.0,-1.3565210855836618009,0.9099644913435110949,3045711.0,2143421.0,2277.346100463037601,1129.8575326507116188,0.0008592890047675652001,7.158966277966755597e-08,0.9995250614555898361,0.5233559864081551716,0.0
119,1640408.0,0.890989924327511007,7841.829503937242407,-12.0,-1.4984711162519657179,0.9431171583358581856,2297646.0,1739347.0,2168.9465644875581347,984.75179376975484047,0.00081119933682841159454,6.4370589343891306036e-08,0.9995853444231853624,0.5209704444961600345,0.0
120,1451869.0,0.87622765785478506917,6612.975464705579725,-8.0,-1.4555912514673774449,0.92535379493023528497,2240532.0,1568988.0,2008.7913855574611262,968.03131975511576,0.00079878502571421850474,6.197934439920381476e-08,0.9996909631877534119,0.5170175438596491535,0.0
121,2212033.0,0.8799511450482753183,10339.25208566382571,-22.0,-1.5625162195272073173,0.9391984239364649101,3114616.0,2355235.0,2454.7246939215792736,1166.151792468979238,0.00089633217861044523714,7.14123864711268871e-08,0.99950350606764359895,0.5237053746567280621,0.0
122,2549319.0,0.86446690131706493965,16490.000061583938077,-21.5,1.0793994651712319754,0.94444444444444441977,3916472.0,2887365.0,2611.1238435459995344,1312.5851707623507991,0.0009337485266455872526,7.8117283250902439917e-08,0.99900860587052664474,0.5345312954876274558,0.0
123,961430.0,0.88249217277316405195,5256.4372260139571154,1.0,-1.5698974200730888562,0.9099263488049426085,1490160.0,1056602.0,1643.4872448011979031,772.9765617789994394,0.0007609960489204708675,5.730954542206295736e-08,0.9996526793486449902,0.51863307086614174324,0.0
124,2883057.0,0.8774671058697225412,18461.75377522096096,-26.0,0.556219836856245764,0.92857142857142860315,4554090.0,3231714.0,2830.5202860512463303,1357.6217460462878535,0.0009996365628112545594,8.524788303903348432e-08,0.998987492793291576,0.63229768786127171776,0.0
125,2354158.0,0.913110886487082829,12565.920446139110936,-7.25,1.5253566493534669313,0.94782608695652170727,3442488.0,2579419.0,2514.7338320831581768,1235.8786611616119444,0.00091513264590950852903,7.515934263768543375e-08,0.999317024471961024,0.5231337359792925801,0.0
126,2133300.0,0.8398206413045670171,10772.101940813383408,-4.0,-1.4182219313322763643,0.90053163152709192474,3317320.0,2368934.0,2283.6347310954856766,1239.7030172347990629,0.0009112438219773078907,8.753790979279345737e-08,0.99942188731520209544,0.5368792856003826719,0.0
127,2438158.0,0.96208378396353166906,13212.148980945108633,-7.0,-0.66874968762913467035,0.9545454545454545858,3894275.0,2790452.0,2559.3671614236500318,1286.022250128506812,0.00093382801444339812863,8.3862354377636206593e-08,0.9992852508515945864,0.5253350369108461537,0.0
128,1627081.0,0.8827476833653753463,7377.357282423599827,-14.0,-1.5467477643025475675,0.9474050429484431879,2392420.0,1717408.0,2125.3590402782865567,998.59430204184377544,0.0008234902858368632573,6.797719635999518007e-08,0.99965016203180889764,0.51701549334058172214,0.0
129,2070018.0,0.876788831938959623,10035.244942988891125,-10.0,-1.4467564438675499794,0.9191452290117010371,3195150.0,2252112.0,2393.426235733811609,1150.9402809264104235,0.0008494447952443128728,7.457966805700837147e-08,0.99948270991972398836,0.5257150349650349108,0.0
130,2241401.0,0.82111453947410262266,10398.077554195742778,-5.0,-1.3975341169517481177,0.89082243453467524485,3419400.0,2516103.0,2315.1044944370992198,1321.3770226937022017,0.0009206180259439774357,8.072361186602787996e-08,0.9995078411707888355,0.52244480934136106054,0.0
131,2087225.0,0.86084789434708497424,10241.712980420426902,-15.0,-1.5248531572702510584,0.90529202604808678423,3207564.0,2305582.0,2323.7318180051524905,1182.4596600530703654,0.0008715003770624132895,7.47206330760983565e-08,0.99946508982723603065,0.52762040197193782465,0.0
132,2490560.0,0.8738620479378100825,12340.040107717506544,-5.0,-1.4382874052844416557,0.87926178387168063555,4044160.0,2832558.0,2650.333314310867081,1288.523047622506283,0.00097243678372710353093,8.0207474869679706887e-08,0.99939458810806369726,0.52484965190342169894,0.0
133,2071999.0,0.8584759932634892232,18537.242015188028745,-16.80000000000000071,1.2512203838140738554,0.9726027397260273988,3288105.0,2325120.0,2324.6278567028425641,1192.1941138938784661,0.000824219488629851808,6.3528240988989364674e-08,0.99845743310669043957,0.5222573757763975255,0.0
134,2670114.0,0.8523400328840575746,14015.192703546503253,-32.0,-1.4618232402332482778,0.90638310872738381274,4190366.0,2945900.0,2620.4947777330162353,1370.4873734223131123,0.0009949242394229978158,1.1544883723732414755e-07,0.99929932026364653996,0.5243065250379362885,0.0
135,2347492.0,0.8723011456779259376,16325.4782002832398575,-11.0,1.5391931115720178802,0.9647887323943662441,3518660.0,2674507.0,2541.0276059971320137,1242.4838009789464195,0.0008650539642561468935,6.772680221954873432e-08,0.99891357425361981814,0.5290690875519310499,0.0
136,2101383.0,0.85406245130274671684,14016.649593689744506,-53.0,-1.4996597605941341946,0.85822858944534474723,3586515.0,2448512.0,2412.2200493072582503,1254.7656632586933938,0.00086130877297692321967,6.888608805192633623e-08,0.9990216129537894396,0.517776049766718538,0.0
137,1575845.0,0.87103680236716474194,8051.8467478799448145,-15.0,-1.5190600023754019521,0.9399578647496639183,2391444.0,1676506.0,2043.9031591333628057,1004.00153394668029705,0.0007966525839034628142,6.0626799420619425374e-08,0.9995188365266987063,0.52118583162217657634,0.0
138,1834902.0,0.7926906406416240891,12402.001615218743609,-26.5,-1.4382800189689182169,0.92957746478873237717,2868399.0,2029707.0,2003.6209969411818292,1221.4556551167033831,0.0008314798226234050354,6.6326112678137241523e-08,0.9990478415426663483,0.5382351716961498722,0.0
139,1976149.0,0.8784738845994395362,7291.2811639778519748,-3.0,-1.5666060705795430419,0.9478605675606709413,2953664.0,2084852.0,2325.0610118886484088,1110.8917524128301011,0.00089622892996402353863,7.483497219047495817e-08,0.99978880058279939735,0.5193043066729767787,0.0
140,1131406.0,0.83670344601960600084,5315.532680443461686,0.0,-1.529495248161624632,0.94336976496759838984,1648144.0,1199324.0,1645.8922858079918115,901.38315996576466205,0.00077919677639502467163,6.0016527439852727036e-08,0.99976537420394528954,0.519837371390640568,0.0
141,2328939.0,0.88052303886872484995,10874.320194882862779,-13.0,-1.4720324002834632715,0.916476827561293228,3708230.0,2541187.0,2574.3656378282721562,1220.2579424573114011,0.00090853800313438301973,7.610240099746258135e-08,0.9994876311499919508,0.5240851137146794736,0.0
142,2008596.0,0.86636941120101773617,8959.216372289145511,-10.0,-1.4893282167017463102,0.9292675445515879984,2990025.0,2161483.0,2305.1009267646677472,1151.175903455068692,0.0008554089651731239252,7.01145996783677936e-08,0.99959019362670609166,0.52278520685332208195,0.0
143,750297.0,0.86994661877492185376,4202.9284245738563186,1.0,1.5675242808059717259,0.9512195121951219079,1078896.0,789294.0,1404.7902506961002018,692.7665550477851184,0.000730910161102363092,5.291011925671584409e-08,0.9997538946439822327,0.5210836653386454742,0.0
144,1248496.0,1.0,9204.645917221918353,-7.75,1.3537180853097554589,1.0,1925836.0,1357322.0,1801.7604483339666785,909.07012261831152955,0.0007603762486531896172,5.6532164361233802447e-08,0.9990511497259529916,0.5499999999999999334,0.0
145,1952640.0,0.8604300966614116808,11336.671529328832548,-9.0,-1.3913984958769396449,0.94444444444444441977,2998208.0,2165727.0,2276.1009122634704909,1159.8293111101193062,0.00084900243643926554676,6.8774668739528655986e-08,0.99926369692530891964,0.7426215277777777901,0.0
146,1472081.0,0.89026938701381619357,10193.474344346663202,-33.0,-1.5005823503309836386,0.91273901502774335004,2182375.0,1612817.0,2099.9882232888039653,956.40670551250650533,0.00077080382468931751307,5.7288390064635319112e-08,0.99909232140428572144,0.5226604814443329694,0.0
147,2095730.0,0.900953019079028361,9905.01954624447535,-6.0,1.5102742563743265514,0.9772727272727272929,3222324.0,2252005.0,2522.0527813716580567,1094.3606889742732164,0.000899926719097558195,7.4306119664676374155e-08,0.9995089089226387724,0.524775885691916244,0.0
148,1434314.0,0.8650558994751462727,8344.425391642635077,-6.0,0.785398163397448279,1.0,2147132.0,1566656.0,1946.4554095561807117,976.4889587745622066,0.000798652019452191983,6.376053919454567329e-08,0.99938008926646626495,0.5286440677966102175,0.0
149,1196504.0,0.87839776819851256295,5728.309375740098403,0.0,-1.5499455349053885556,0.94014372796975209656,1765236.0,1272682.0,1808.4506322874137823,864.3133327263994943,0.0007990416932591934418,6.409866024063038177e-08,0.99971706021509787465,0.5182798655667583132,0.0
150,1411606.0,0.8703518234600912118,7213.96031280392981,-1.0,-1.4348189705543836769,0.91524608318355937797,2100180.0,1542324.0,1966.2973132230795272,968.2645815645955736,0.00081298350867745473695,6.510124719831733709e-08,0.999563689727394733,0.51588844018172630435,0.0
151,1926641.0,0.9330503478168883369,20884.868745102969115,-9.555555555555555358,1.2270111314906371192,0.97752808988764039455,3192616.0,2174937.0,2282.8550123890358918,1127.2217878218827991,0.00082267298641182904934,6.3878243591799175446e-08,0.99801017445350725943,0.7552122241086586252,0.0
152,1424381.0,0.86131264904686077877,8600.6924189473938895,-13.0,-0.6805572126194929794,0.91666666666666662966,2035075.0,1557985.0,1932.9742901380004696,982.09651160834300754,0.0007750195170209977927,5.8450040822033984244e-08,0.9993278111631554994,0.52624999999999999556,0.0
153,1410526.0,0.8682013359261081531,6324.600789662496936,-1.0,-1.5371032004371230073,0.9476781138429000162,2058840.0,1488402.0,1923.2813426817676827,954.3554586518519045,0.00082408078544393020305,6.5595286630933075566e-08,0.99972079485029752277,0.5238940724478595712,0.0
154,1820026.0,0.8887512005342222965,8142.8030252785483754,-3.0,-1.2458733611989913914,0.8381125790151581212,3381676.0,2171577.0,2377.1940936272185354,1089.6817709665467646,0.000870906850741691896,7.541137232756157594e-08,0.99962246325473225195,0.51990429604423649135,0.0
155,952345.0,0.8231447554660556998,5577.1306601899086672,-7.0,-1.5131519780642268547,0.9224118142168490353,1421552.0,1032451.0,1492.1447530321008799,847.28692361278297085,0.0007395981384798642425,5.4281110287576185832e-08,0.9995602116945802029,0.52069696969696965816,0.0
156,1465918.0,0.876019738206661569,8928.076328706467393,-35.0,-1.5571489939459333129,0.93378959511650405645,2111092.0,1569859.0,1989.3917145999444074,959.43438962052653096,0.00078979333514128105195,5.980601615875111825e-08,0.999302749353994324,0.51984298101710790796,0.0
157,1952572.0,0.8804671487992257184,9004.914857098981884,-12.0,-1.4862822155021988557,0.9389807637467244561,2844052.0,2079459.0,2318.3470346612593858,1099.1449302631690443,0.00086865665339345998243,7.766146937335034216e-08,0.9995623743434315367,0.51875809061488664664,0.0
158,1277760.0,0.788942771242767793,6341.0831124439046107,-3.0,-1.4803503921128475795,0.90677676824521347143,1944720.0,1409123.0,1666.8821288992751306,1024.2435315936647839,0.00080702088445785188225,6.469808904508791447e-08,0.99964367871132830956,0.5241401792991035036,0.0
159,1273253.0,0.86983224656601454416,5653.983473932294146,0.0,-1.5003061432818871612,0.94497171585530037596,1876887.0,1347398.0,1841.2494286227943121,908.37600230270243173,0.0008003162928221874226,6.435015768740288248e-08,0.9997758782937917754,0.51464801721487862807,0.0
160,1884790.0,0.83483904916372453364,9780.842922735337197,-16.0,-1.4949716070924039535,0.9411550282502803011,2719024.0,2002635.0,2107.0262512778840573,1159.9055349092293454,0.0008477687840913587271,6.988415552490617058e-08,0.99943064434576245336,0.53146166461664612335,0.0
161,2068715.0,0.8615261101443314473,14283.0526599638251355,-14.0,1.570796326794896558,0.94444444444444441977,3211340.0,2405835.0,2337.2132748061153507,1186.634187546727162,0.00087454389498819887303,7.481356100181559506e-08,0.9989686208827253111,0.5246864355840512584,0.0
162,1404270.0,0.90318568761181694526,7470.376618407355636,-4.0,-1.1679862639913551892,0.93265890175955712404,2121872.0,1505663.0,2064.2875667029466058,886.09556110265714324,0.0007827074431256103148,5.9161420835064223852e-08,0.99951353059799796785,0.52010174797808506053,0.0
163,2311637.0,1.0,12048.154898130767833,-8.5,1.570796326794896558,1.0,3823712.0,2531448.0,2651.0321317152443044,1171.2816852231769644,0.00091133687974666918036,7.508719905419984815e-08,0.99935430535115377104,0.5271424050632911307,0.0
164,2259108.0,0.8610767724569531323,11106.008578424931329,-15.0,-1.436321322182251059,0.9009648118074587986,3366720.0,2507432.0,2418.2955789924444616,1229.6427644140192115,0.00091334063369232962835,7.8318987327539256943e-08,0.99943592026531991035,0.5309593791281373987,0.0
165,1039834.0,0.8747405867678175184,6112.233257294350551,-4.5,-0.785398163397448279,1.0,1449252.0,1106643.0,1681.1604439083480429,814.6760334810032873,0.0007560413121736016869,5.7704126896786450475e-08,0.9995106604945863671,0.52249999999999996447,0.0
166,2160725.0,0.85475520743605992724,16783.853921346850257,-19.333333333333332149,0.785398163397448279,1.0,3445860.0,2478228.0,2382.8205706445619398,1236.7585617005809127,0.00084630771354027908154,6.685404883111546412e-08,0.9987375272955222316,0.5229808585764726958,0.0
167,1992124.0,0.86990995124061720745,18597.181048643931717,-79.0,-1.4669688338177948594,0.8841686846235238262,3153614.0,2253104.0,2328.5314000898952145,1148.4563235871680718,0.0008026197256260434853,6.098461247576126254e-08,0.9983735125422976697,0.52754098360655743427,0.0
168,1165396.0,0.85390548132261079317,5740.125609556024756,-4.0,-1.53056748471977766,0.93139732456119317394,1727694.0,1251234.0,1710.1270587844269357,889.9982116109146091,0.00078659536541470789165,6.0407692809965318163e-08,0.9996946738039151903,0.51864348370927315646,0.0
169,1760321.0,0.8167125574476578054,8895.566660714590398,-24.0,-1.3744987871430183191,0.8921225248747834957,2619962.0,1973183.0,2017.4111779025138276,1164.1364501458053837,0.000831798002113330907,7.109477387481253042e-08,0.99948998083206896936,0.518149819494584829,0.0
170,1552094.0,0.8730978092354348963,7636.0751032171920087,-1.0,-1.476531976119600964,0.9087760078927569207,2269512.0,1707895.0,2073.4224871161627561,1010.8869546310810392,0.0008320380433839186414,6.631979533309014631e-08,0.9995723706921717522,0.52033481152993343866,0.0
171,2548809.0,0.85194377778798247025,11375.329429598852585,-11.0,-1.4668582734843662596,0.8969165435615991111,3977280.0,2841746.0,2575.5450649807776244,1348.6410795817380404,0.00094901682958790901067,7.961633763571590335e-08,0.99951031436334702995,0.52740054869684493966,0.0
172,2114839.0,0.85451725172401660213,10408.004394342824526,-14.0,-1.4597082178568538957,0.9175305053309760206,3258500.0,2304925.0,2310.1672561256409608,1199.9540368709144786,0.00090765897581422129957,8.0551815164850991014e-08,0.99945691266363312355,0.52684136967155825726,0.0
173,2262123.0,0.86988194017641484734,12399.152806089714431,-18.0,-1.4294260566451737482,0.8664541888215867571,3402600.0,2610782.0,2512.3925720033348625,1239.2627156385788112,0.000887112470198789531,7.430179168300075085e-08,0.9992941080937370879,0.5239321822989577715,0.0
174,2026293.0,0.8874821768054446114,13966.35208311293718,-60.0,-1.4980013952982662584,0.9036120078289824331,3000602.0,2242437.0,2423.777903437259738,1116.9787535829834724,0.0008374851665869872692,6.494242448122451361e-08,0.99897864587764551025,0.53392897196261679404,0.0
175,1379248.0,0.8920298920197712311,6670.7298654256301234,-7.0,-1.5250169723584228176,0.94931801115437375316,2087400.0,1452883.0,2000.5512495194573148,904.201964136285369,0.0007970365865866328812,6.3690606815909103267e-08,0.99964205933924366043,0.51930491447189786047,0.0
176,1590068.0,0.88063857983993309997,7470.764353311036757,-4.0,-1.5636751945268827502,0.94363141315520238095,2284944.0,1685052.0,2097.9218807600982473,993.97159080938956777,0.00087880227283707176237,7.154386939861428387e-08,0.99961813354577044866,0.5205907284768211962,0.0
177,993708.0,0.86977771603081244223,4885.0747442796928226,0.0,-1.5092522037330680096,0.95176650540626228647,1467870.0,1044067.0,1623.2231768566525716,800.96931549125019956,0.00076972021655492524686,5.8030869840867195808e-08,0.9997739325783338016,0.5183391730903994521,0.0
178,1611337.0,0.85253748452895827814,8659.594005925058809,-15.0,-1.5256725966502640013,0.9278800446164556792,2381649.0,1736579.0,2014.1147224655185255,1052.7094587816295643,0.0008213867050526472459,6.587262277134970862e-08,0.9994438034798412973,0.8594961240310077244,0.0
179,1413119.0,0.8859106928064864883,6736.6466043049458676,-6.0,-1.5632285831959227274,0.94103227808525047315,2153151.0,1501669.0,1997.5158714393544415,926.559411221115397,0.0007860527159207367307,5.943237034502736124e-08,0.9996491223055623543,0.5140561797752808415,0.0
180,1830700.0,0.8920008189537513843,12712.862617656592192,-30.0,1.3482102740390291551,0.9433962264150943522,2797626.0,1987198.0,2307.405499975836392,1043.0252319966059531,0.0008106772983532166887,6.217827620123255339e-08,0.9990023140953154801,0.52710230753522568925,0.0
181,2512790.0,0.88958100352656632737,9923.723081688192906,-2.5,1.5337375370660100149,0.95184135977337114287,3921345.0,2696222.0,2681.9002968841678012,1225.0315768161883625,0.0010154869689453247059,1.0131006821984891728e-07,0.999643387597446309,0.5308682791021402947,0.0
182,1596599.0,0.89333186715760026786,7896.903530341937767,-13.0,-1.5392209053159999765,0.9471666257330965122,2246049.0,1685658.0,2142.48791193318948,962.8288594673277885,0.0007939788051013526443,5.984380483261868992e-08,0.999554538887672428,0.51820856317310215466,0.0
183,2752068.0,0.8416749238466250116,18038.272318991330394,-57.0,-1.5195194331573274038,0.86911216322735818096,4414640.0,3166528.0,2602.823471465816965,1405.4844810427341599,0.0009623597307468305384,8.6356850639894622154e-08,0.9989635606159839032,0.7055528612997089555,0.0
184,1692057.0,0.87335589869612650915,9785.599236027690495,-30.0,-1.5135530511692292244,0.93324644653014443563,2469662.0,1813087.0,2134.5659887636311396,1039.7099845240932154,0.000789604883798418521,5.99729619572999821e-08,0.9993224281007531129,0.51636087176887990324,0.0
185,1565415.0,0.8605103423227876691,8114.5574259985996832,-6.0,1.3873416805287928089,0.9629629629629629095,2272860.0,1660450.0,1995.7463745919694702,1016.6990026470180055,0.0008310709142316562506,6.6737490966253841755e-08,0.99950306805418853706,0.5184667010841507162,0.0
186,2088748.0,0.87207689962287371355,11144.167957991365256,-17.0,-1.5131583610728425171,0.89562424694597730923,3300604.0,2332170.0,2380.808651520024796,1165.093615688197815,0.00086030347313557984767,6.991400552213903911e-08,0.9993576438117387495,0.5265329512893982544,0.0
187,1708815.0,0.87343568260972348494,7818.7269068328005233,-10.0,-1.4823003136949870484,0.9362010447797991519,2527876.0,1825265.0,2141.6913743371610508,1042.8741966510806378,0.0008216047620575664401,6.37403709725962304e-08,0.9996208127280564737,0.52292329279700655587,0.0
188,1860684.0,0.89910980630107451006,14444.672934286856616,-23.0,-1.5092798360839319027,0.94329896907216492785,2839304.0,2057109.0,2329.4294671813354398,1048.2755435354474685,0.0008051080547863322806,6.298581499734059076e-08,0.9987915951694540384,0.53131762652705061267,0.0
189,2078025.0,0.89031606237435878537,17820.319179654303298,-79.0,-1.4876729836505839799,0.9086367551826215472,3256792.0,2286970.0,2474.3903895302805722,1126.6965100468692071,0.0008275759754465540326,6.316407469160345967e-08,0.9985487969989571555,0.52772998805256876587,0.0
190,1656040.0,0.88670352172990807293,6931.7563440843232456,-3.0,-1.4739741861746826768,0.94658118681037284325,2518070.0,1749496.0,2167.8622558725046474,1002.2861272483844459,0.0008007321939202561179,6.162439620701549118e-08,0.9997304329561331748,0.51554966248794598105,0.0
191,1889124.0,0.89173819462441106243,9700.8357800604007934,-21.0,-1.5550794725213024083,0.92022974519249267633,2837500.0,2052883.0,2365.4964427116042316,1070.5093086274002872,0.0008289956500830938154,6.525983171001964968e-08,0.99944338226761009203,0.5204302273740526452,0.0
192,1803979.0,0.9076860298226635537,8403.538090014844784,-8.0,1.5683306473971987405,0.94283746160531967107,2609882.0,1913351.0,2368.7448275417073091,994.04362227738522506,0.0008375639340451081216,6.5719386104060861287e-08,0.99957963686484918586,0.5225050550438103958,0.0
193,1541838.0,1.0,9195.962584313732805,-1.6000000000000000888,1.249045772398254428,1.0,2341768.0,1677152.0,2204.1842174460171009,921.7222281772152428,0.00078609630233723447497,5.947153770655175151e-08,0.99931375015803602935,0.5231609657947685621,0.0
194,1437187.0,0.8513682069495114302,7493.4090142517097775,-6.0,-1.4647938376037186181,0.92199417365236036037,2106299.0,1558781.0,1902.9436695088761553,998.2244242029647694,0.00079996437894685546235,6.383529971707494686e-08,0.9995302712635741882,0.52278807615230471484,0.0
195,1949267.0,0.864863296674957871,10865.606558171377401,-24.0,-1.5011596068259693837,0.89120430060332078703,3026410.0,2187228.0,2269.407002572406327,1139.2592183253104849,0.0008625143883233205369,6.9869728165551671984e-08,0.9993222137269797134,0.52728933092224228307,0.0
196,1880975.0,0.86945746774639653953,18736.551719073657296,-114.0,-1.507987305071648354,0.8731294890058957092,2820766.0,2154291.0,2312.9793049945315033,1142.6298303582741482,0.0008275609701122715184,6.5052181693163894e-08,0.99823757963532011583,0.5267096774193548159,0.0
197,1494386.0,0.87556201524600263397,6381.710529441874314,-5.0,-1.5018800416143180954,0.953403133678656034,2193387.0,1567423.0,2012.6768867385317208,972.3357597429288717,0.0008229392407148005935,6.5162023482822003725e-08,0.999750210339947043,0.51918383730264916487,0.0
198,1917936.0,0.85616692444293907016,7812.089388567064816,1.0,-1.3763807327275472403,0.8974307263769680798,3193138.0,2137141.0,2245.049302008009363,1160.0154698765848025,0.0009176338851655216648,8.558581340461729533e-08,0.9997035682054518091,0.5190888095737979935,0.0
199,1279811.0,0.89346547728076408657,6808.0587258262657997,-4.5,0.0,1.0,1882944.0,1375619.0,1937.3412159886806876,870.1216923480446894,0.00077511882926155134185,5.790268865427588842e-08,0.9995536873351199558,0.53642857142857136576,0.0
200,1361064.0,0.8710399441989498115,6659.5440072005039838,-10.0,-1.4894329894407403181,0.9374267777383662459,2062396.0,1451915.0,1895.5399682800866685,931.1123390616071447,0.0007853852707136070111,6.108496307947599517e-08,0.9996336197548341129,0.5170962479608482987,0.0
201,2313373.0,1.0,18286.371957502942678,-8.222222222222221433,1.570796326794896558,1.0,3425810.0,2541362.0,2586.1473866879096022,1188.9945587632448678,0.00082431625232041961723,6.351336492976023778e-08,0.99868099460492953945,0.5196966788251103919,0.0
202,1673428.0,0.85726108488076613323,7494.6537469798822713,-5.0,-1.4624174244636212183,0.93591227828802614486,2414544.0,1788018.0,2063.3385517571355194,1062.375796902073489,0.0008307183135282979799,6.783849851884863718e-08,0.9996531062401684542,0.51855690072639215593,0.0
203,1978690.0,0.86513455181733778243,7791.059951315541184,-1.0,-1.4599496436227508145,0.9483520101838001093,2791791.0,2086451.0,2257.4931075897607116,1132.2227233048281505,0.00089358187665578004116,8.038277232421428083e-08,0.9997263387527947076,0.52169181034482758896,0.0
204,2628852.0,0.8695276134730151041,10767.883686743902217,-8.0,-1.490222988603040255,0.92514523732771758446,4103272.0,2841556.0,2681.5764363405332915,1324.3885761447056666,0.0009847752132783518103,8.852497872686554094e-08,0.99959249963857133014,0.5200700734917108603,0.0
205,2408111.0,0.88208424736133750343,12228.782315128737537,-13.0,-1.4751244629219393278,0.91991880027947736664,3661210.0,2617743.0,2589.2741167746758038,1219.7855200116259766,0.0009892007915716224606,8.478906500870400796e-08,0.9993744651534226531,0.53132530120481924474,0.0
206,1873068.0,0.89411244380124799136,10542.292849672394368,-20.0,-1.563038962527269371,0.9182750195120229497,2848072.0,2039768.0,2331.894250542053669,1044.321436900321487,0.00082317985625847888906,6.2814616171961247775e-08,0.99932308977198180955,0.5260199925953350508,0.0
207,1815542.0,0.83917091356921991174,11859.6380874639544345,-48.0,-1.4883564430390783251,0.93120190226478660733,2590329.0,1949676.0,2091.7975034655682975,1137.6612946063989966,0.000826562244361074539,6.834060456556626376e-08,0.9991084258317384226,0.52526290969111055773,0.0
